"#","MLS #","","Address","City","Subdivision NAME","Beds Total","Bths (F/H)","Num Stories","Garage Carport","Apx Year Built","Apx Acreage","Sq Ft Total","Price/SqFt","Current Price","DOM","CDOM","Virtual Tour Branded"
"1","607426","A","2901 W Ave. B","Temple","","2","1/0","One","Detached Carport","1965","0.110","1,587","$0.85","$1,350","1","1",""
"1","606844","A","1118 Zora Drive Unit#B","Temple","Pecan Crk South Ph II","3","2/0","One","","2026","0.296","1,279","$1.17","$1,495","6","6",""
"1","606757","A","1802 W Avenue H Unit#A","Temple","Bellview","1","1/0","One","","1970","0.415","730","$1.03","$750","6","182",""
"1","606749","A","1114 Zora Drive Unit#B","Temple","Pecan Crk South Ph II","3","2/0","One","","2026","0.182","1,279","$1.17","$1,495","4","4",""
"1","606705","A","2320 Petersburg Lane","Temple","Heritage Place Ph VI","3","2/0","One","","2021","0.140","1,394","$1.15","$1,600","5","5",""
"1","606077","A","1615 S 15th Street","Temple","South Park","3","1/0","One","","1952","0.172","1,084","$1.18","$1,275","13","13",""
"1","605557","A","917 S 19th Street","Temple","Jones & Moores Add","2","1/0","One","","1946","0.189","1,128","$1.11","$1,250","13","13",""
"1","605543","A","1609 S 39th Street","Temple","Dubose Add Blks 1-7","3","1/0","One","None-Garage, None-Carport","1952","0.264","1,207","$1.24","$1,500","20","20",""
"1","605424","A","1426 Piedmont Street","Temple","Willow Glenn","3","2/0","One","","2024","0.138","1,308","$1.30","$1,695","21","21",""
"1","605210","A","1514 S 15th Street","Temple","South Park","2","1/0","One","","1947","0.165","744","$1.95","$1,450","24","24",""
"1","605124","A","523 A Olaf Drive","Temple","Liberty Hill Ph II","3","2/0","One","","2004","0.194","1,270","$1.02","$1,300","21","21",""
"1","604214","A","2408 Duntov Drive Unit#B","Temple","","3","2/0","One","","2021","0.165","2,702","$0.54","$1,450","35","35",""
"1","603207","A","609 Eaton Drive","Temple","Pecan Crk South Ph III","3","2/0","One","","2024","0.154","1,275","$1.33","$1,700","46","46",""
"1","602866","A","1228 Monte Verde Drive","Temple","Monte Verde Ph I","4","2/0","One","","2020","0.235","1,705","$1.00","$1,700","42","42",""
"1","602594","A","2401 Paul Revere Street Unit#B","Temple","Northwest Hills 1st Ext","3","2/0","One","Attached Garage, Door-Single, Entry-Front Garage","2008","0.183","1,200","$1.04","$1,250","54","54",""
"1","601542","A","1114 S 2nd Street","Temple","Robertson","2","1/0","One","","1985","0.273","1,560","$0.83","$1,300","66","66",""
"1","598395","A","1205 S 17th Street","Temple","Tal-Coe Place","2","1/0","Two","","1987","0.126","700","$0.93","$650","116","116",""
"1","597666","A","931 Antelope Trail","Temple","Atascosa Estates","4","2/0","One","","2023","0.179","1,901","$1.10","$2,100","128","128",""
"1","597612","A","2213 Valley Forge Avenue Unit#B","Temple","Northwest Hills 1st Ext","2","1/0","One","","1979","0.262","3,568","$0.31","$1,100","126","126",""
"1","597028","A","1122 Campbellton Drive","Bells","","4","2/0","One","","2025","0.172","1,676","$1.04","$1,750","130","130",""
"1","595606","A","2421 Hancock Drive","Temple","Little Bluestem Add","3","2/0","One","","1997","0.149","1,208","$1.24","$1,500","64","64",""
"1","592992","A","1772 Lummus Drive","Temple","South Pointe Ph I","3","2/0","One","","2019","0.124","1,679","$1.10","$1,850","181","181",""
"1","591145","A","2405 S 13th Street Unit#721","Temple","Oakbrook Terrace Ph I","2","2/0","One","","1984","5.018","1,078","$1.09","$1,180","195","195",""
"1","578821","A","3827 Leming Court","Temple","Atascosa Estates","4","2/0","One","","2023","0.204","2,010","$1.14","$2,300","316","316",""
"1","604696","P","2701 Scott Boulevard","Temple","","3","2/0","One","","1963","0.232","2,029","$0.79","$1,600","24","24",""
"1","597241","P","1911 Meridian Loop","Temple","South Pointe Ph III","4","2/0","One","","2025","0.134","1,842","$1.03","$1,899","114","114",""
"1","604097","S","1102 Campbelton Drive","Temple","Atascosa Estates","4","2/5","Two","","2025","0.183","1,922","$1.07","$2,050","10","10",""
"1","603954","S","1801 S 47th Street","Temple","Dubose Add Second Extensi","3","1/1","One","","1957","0.203","1,068","$1.19","$1,275","21","21",""
"1","603127","S","2016 S 11th Street","Temple","Hollywood 1st Ext","3","1/0","One","","1962","0.201","1,052","$1.32","$1,385","33","33",""
"1","602387","S","1007 S 25th Street","Temple","Tal-Coe Place","1","1/0","One","","1940","0.161","528","$1.69","$890","1","1",""
"1","602237","S","1206 Roanoke Drive","Temple","Heritage Place Ph IV","3","2/0","One","","2015","0.152","1,392","$1.09","$1,520","18","18",""
"1","602091","S","2108 Saulsbury Drive Unit#A","Temple","Northwest Hills 1st Ext","3","2/0","One","","2023","0.179","1,299","$1.12","$1,450","32","32",""
"1","602075","S","2108 Saulsbury Drive Unit#B","Temple","Northwest Hills 1st Ext","3","2/0","One","Attached Garage","2023","0.179","1,299","$1.12","$1,450","50","50",""
"1","601674","S","1426 Piedmont Street","Temple","Willow Glenn","3","2/0","One","","2024","0.138","1,308","$1.30","$1,695","17","130",""
"1","601260","S","1309 S 3rd Street Unit#B","Temple","Robertson","1","1/0","One","","1943","0.141","1,924","$0.47","$900","28","28",""
"1","600491","S","1102 W Central Avenue","Temple","Freeman Heights","3","1/0","One","","1965","0.161","1,026","$0.78","$800","8","8",""
"1","600106","S","511 S 29th Street Unit#B","Temple","","3","2/1","Two","","2025","0.160","1,300","$1.07","$1,395","49","49",""
"1","600099","S","511 S 29th Street Unit#A","Temple","","3","2/1","Two","","2025","0.160","1,300","$1.07","$1,395","49","49",""
"1","599856","S","4356 Cedar Creek Road","Temple","Long View Estates","3","2/0","One","","2020","0.750","1,599","$1.41","$2,250","14","14",""
"1","599792","S","510 Cheyenne Drive Unit#B","Temple","West Gate Add 1st Unit Re","2","2/0","One","Entry-Rear Carport","1974","0.194","2,416","$0.47","$1,125","84","84",""
"1","599791","S","905 S Martin Luther King Jr Lane Unit#B","Temple","","3","2/1","Two","","2025","0.230","1,355","$1.03","$1,395","54","54",""
"1","599786","S","905 S Martin Luther King Jr Lane Unit#A","Temple","","3","2/1","Two","","2025","0.230","1,355","$1.03","$1,395","74","74",""
"1","599784","S","909 S Martin Luther King Jr Lane Unit#B","Temple","","3","2/1","Two","","2025","0.230","1,355","$1.03","$1,395","74","74",""
"1","599780","S","909 S Martin Luther King Jr Lane Unit#A","Temple","","3","2/1","Two","","2025","0.230","1,355","$1.03","$1,395","54","54",""
"1","599601","S","1706 S 41st Street","Temple","Dubose Add Blks 1-7","2","1/0","One","","1952","0.177","957","$1.25","$1,195","17","17",""
"1","598833","S","2306 Valley Forge Avenue Unit#B","Temple","Saulsbury Sub Ph VI","3","2/0","One","","2015","0.190","1,113","$1.12","$1,250","24","24",""
"1","598742","S","1118 S 19th Street","Temple","Tal-Coe Place","2","1/0","One","","1969","0.164","1,077","$1.02","$1,100","33","33",""
"1","597936","S","1325 S 17th Street","Temple","Tal-Coe Place","3","2/0","One","","1947","0.140","1,048","$1.24","$1,300","20","20",""
"1","597607","S","2213 Valley Forge Avenue Unit#C","Temple","Northwest Hills 1st Ext","2","1/0","One","","1979","0.262","3,568","$0.27","$950","99","99",""
"1","597605","S","2213 Valley Forge Avenue Unit#D","Temple","Northwest Hills 1st Ext","2","1/0","Two","","1979","0.262","3,568","$0.27","$950","54","54",""
"1","597594","S","2313 Alterman Drive Unit#B","Temple","Pecan Creek Est","3","2/0","One","","2021","0.190","1,300","$1.00","$1,300","59","164",""
"1","596888","S","1214 Jamestown Drive","Temple","Heritage Place Ph IV","3","2/0","One","Attached Garage, Entry-Front Garage","2017","0.152","1,318","$1.19","$1,575","25","25",""
"1","596823","S","2015 Filmore Cove","Temple","South Pointe Ph III","4","2/0","One","","2025","0.138","1,662","$1.08","$1,799","12","12",""
"1","596724","S","2414 Patrick Henry Street Unit#B","Temple","Northwest Hills 1st Ext","2","1/1","Two","Attached Garage","1981","0.182","1,001","$1.09","$1,095","8","8",""
"1","595977","S","1430 Piedmont Street","Temple","Willow Glenn","3","2/0","One","Attached Garage","2024","0.138","1,680","$1.10","$1,850","20","20",""
"1","595835","S","904 Ticonderoga Drive Unit#C","Temple","Northwest Hills 3rd Ext","2","1/1","Two","","1984","0.190","1,000","$0.90","$900","129","129",""
"1","595302","S","2504 Saulsbury Drive","Temple","Saulsbury Sub Ph II","3","2/0","One","","2007","0.186","1,256","$1.00","$1,250","38","38",""
"1","595265","S","1937 Euclid Drive","Temple","South Pointe Ph I","3","2/0","One","Attached Garage","2019","0.134","1,432","$1.05","$1,500","24","24",""
"1","594473","S","2410 Patrick Henry Street Unit#B","Temple","Northwest Hills 1st Ext","2","1/1","Two","Attached Garage","1981","0.182","2,003","$0.55","$1,095","5","10",""
"1","594471","S","2410 Patrick Henry Street Unit#A","Temple","Northwest Hills 1st Ext","2","1/1","Two","Attached Garage","1981","0.182","1,001","$1.11","$1,115","33","38",""
"1","594338","S","3022 Dade Loop","Temple","South Pointe Ph II","3","2/0","One","Attached Garage, Entry-Front Garage","2019","0.130","1,577","$0.97","$1,525","36","36",""
"1","593363","S","2113 Meridian Loop","Temple","South Pointe Ph III","3","2/0","One","","2024","0.147","1,644","$1.00","$1,650","11","11",""
"1","593209","S","820 S 15th Street","Temple","Jones & Moores Add","2","1/0","One","","1917","0.177","1,784","$0.55","$975","17","17",""
"1","592859","S","816 Ticonderoga Drive Unit#A","Temple","Northwest Hills 3rd Ext","2","1/1","Two","","1984","0.197","1,000","$0.95","$950","20","20",""
"1","592858","S","1108 S 3rd Street","Temple","Robertson","4","1/0","One","","1934","0.131","1,355","$0.74","$1,000","13","13",""
"1","591786","S","306 S 25th Street","Temple","Freeman Heights","3","2/0","One","","1960","0.241","984","$1.27","$1,250","38","38",""
"1","591758","S","406 S 7th Street Unit#B","Temple","Temple Original","3","2/0","One","","2022","0.152","922","$1.14","$1,050","56","56",""
"1","591749","S","3909 Hopi Trail","Temple","Western Hills 8th Ext","3","2/0","One","","2000","0.172","1,508","$1.13","$1,700","2","2",""
"1","590693","S","901 Ticonderoga Drive","Temple","Northwest Hills 3rd Ext","3","2/0","One","Attached Garage, Entry-Front Garage","2000","0.179","1,340","$1.12","$1,500","77","77",""
"1","590321","S","2409 Paul Revere Street Unit#A","Temple","Northwest Hills 1st Ext","3","2/0","One","","1984","0.184","1,000","$1.20","$1,200","42","42",""
"1","590296","S","2417 Alterman Drive Unit#B","Temple","","3","2/0","One","","2022","31.783","1,300","$1.00","$1,295","52","52",""
"1","589816","S","2604 Saulsbury Drive","Temple","Saulsbury Sub Ph II","3","2/0","One","","2007","0.144","1,258","$1.23","$1,550","4","4",""
"1","589393","S","816 Twin Oaks Drive Unit#B","Temple","Liberty Hill Ph II","3","2/0","One","Attached Garage","2004","0.260","2,532","$0.51","$1,300","21","75",""
"1","588514","S","2012 Dade Loop","Temple","South Pointe Ph II","3","2/0","One","Attached Garage, Garage Door Opener(s)","2020","0.134","1,257","$1.31","$1,650","11","11",""
"1","588466","S","406 S 7th Street","Temple","Temple Original","3","2/0","One","","2022","0.152","922","$1.14","$1,050","29","29",""
"1","587653","S","3000 W Avenue Avenue","Temple","Woodlawn Park","3","2/0","One","Attached Carport","1959","0.317","2,438","$0.68","$1,650","81","81",""
"1","586780","S","1401 S 47th Street","Temple","Florine Terrace","3","1/0","One","","1957","0.209","1,204","$1.08","$1,295","72","72",""
"1","586772","S","918 S 39th Street Unit#B","Temple","Bellview","3","2/0","One","","2021","0.172","887","$1.23","$1,095","58","58",""
"1","585806","S","1002 S 13th Street","Temple","Temple Original","2","1/0","One","","1926","0.130","1,380","$0.98","$1,350","128","128",""
"1","585803","S","2328 Alterman Drive Temple, TX 76504 Drive Unit#A","Temple","Pecan Creek Est","3","2/0","None","","2021","0.190","2,620","$0.50","$1,300","15","15",""
"1","585710","S","2417 ALTERMAN DR TEMPLE Drive Unit#A","Temple","Pecan Creek South","3","2/0","Two","","2021","7,187.400","2,670","$0.49","$1,295","37","37",""
"1","585438","S","2216 Vicksburg Lane","Temple","Heritage Place Ph V","4","2/0","One","","2019","0.139","1,391","$1.22","$1,700","10","10",""
"1","584747","S","4118 Ermine Trail","Temple","Western Hills 6th Ext","3","2/0","One","","1978","0.188","1,654","$0.97","$1,600","219","219","https://my.matterport.com/show/?m=qbe9RMbjyLE"
"1","584380","S","1322 S 15th Street","Temple","Tal-Coe Place","2","1/0","One","Detached Garage, Door-Single","1940","0.126","768","$1.43","$1,100","10","10",""
"1","583617","S","1309 S 3rd Street Unit#D","Temple","Robertson","0","1/0","Other-See Remarks","","1943","0.141","1,924","$0.42","$800","65","65",""
"1","582999","S","1912 Delano Drive","Temple","South Pointe Ph I","3","2/0","One","Attached Garage, Door-Single, Garage Door Opener(s)","2019","0.134","1,303","$1.27","$1,650","38","38",""
"1","582938","S","2402 Paul Revere Street Unit#B","Temple","Northwest Hills 1st Ext","3","3/0","One","Attached Garage","1979","0.184","1,260","$1.03","$1,300","126","126","https://my.matterport.com/show/?m=UKDaPtL18Ka"
"1","582299","S","1514 S. 15th Street","Temple","","2","1/0","One","","1947","0.170","744","$2.02","$1,500","2","2",""
"1","582005","S","607 Olaf Drive","Temple","Liberty Hill Ph II","3","2/0","One","Attached Garage","2004","0.194","1,269","$0.95","$1,200","20","20",""
"1","581703","S","812 Ticonderoga Drive Unit#C","Temple","Northwest Hills 3rd Ext","2","1/1","Two","","1984","0.184","1,000","$0.95","$950","108","108",""
"1","580975","S","1703 Merritt Street","Temple","","3","2/0","One","","2022","0.138","1,263","$1.43","$1,800","9","9",""
"1","580858","S","2006 S 15th Street","Temple","Hollywood 1st Ext","2","1/0","One","","1981","0.164","1,608","$0.68","$1,095","54","54",""
"1","580564","S","900 Ticonderoga Drive Unit#A","Temple","Northwest Hills 3rd Ext","2","1/1","Two","","1984","0.193","1,000","$0.95","$950","7","7",""
"1","580060","S","2116 W Avenue D","Temple","Baker","2","1/0","One","","1913","0.331","776","$1.22","$950","103","103",""
"1","580048","S","2412 Alterman Drive Unit#A","Temple","Pecan Crk South Ph 2","3","2/0","One","Attached Garage","2021","0.165","1,335","$1.01","$1,349","84","84",""
"1","579932","S","915 S 13th Street","Temple","Jones & Moores Add","2","1/0","One","","1938","0.154","924","$1.08","$1,000","9","9",""
"1","579355","S","2305 Vicksburg Lane","Temple","Heritage Place Ph V","3","2/0","One","","2018","0.136","1,330","$1.18","$1,575","103","103",""
"1","577937","S","2530 Moores Mill Road","Temple","W GILMORE","3","2/0","One","Circular Drive, Detached Garage, Garage Door Opener(s), Oversized Garage, RV Parking Available","1999","4.000","1,863","$1.21","$2,250","80","192",""
"1","577691","S","701 Brazos Drive","Temple","Western Hills 7th Ext Rep","3","2/1","Two","Attached Garage, Entry-Front Garage","1985","0.144","1,640","$1.01","$1,650","63","63",""
"1","577657","S","900 Ticonderoga Drive","Temple","Northwest Hills 3rd Ext","2","1/1","Two","","1984","0.193","1,000","$0.95","$950","8","31",""
"1","577540","S","2405 Valley Forge Avenue Unit#A","Temple","Northwest Hills 1st Ext","2","1/0","One","","1978","0.189","3,544","$0.22","$775","19","19",""
"1","577125","S","2313 Vicksburg Lane","Temple","Heritage Place Ph V","3","2/0","One","","2018","0.136","1,330","$1.09","$1,450","80","80",""
"1","576728","S","2404 Duntov Drive Unit#A","Temple","","3","2/0","One","Attached Garage","2021","0.165","2,520","$0.53","$1,325","23","23",""
"1","576215","S","507 Olaf Drive Unit#B","Temple","Liberty Hill Ph II","3","2/0","One","Attached Garage","2004","0.220","1,243","$1.19","$1,475","17","42",""
"1","574916","S","401 S 11th Street","Temple","Moores Add","3","2/1","One","","1950","0.189","1,386","$1.08","$1,500","34","34",""
"1","574641","S","1311 S 37th Street","Temple","Temple Heights","2","1/0","One","","1940","0.161","812","$1.48","$1,200","37","37",""
"1","574576","S","413 S 27th Street","Temple","Freeman Heights","3","2/0","One","","1934","0.161","1,024","$1.17","$1,200","37","37",""
"1","574175","S","3 E Avenue N","Temple","Temple Original","1","1/0","One","","1934","0.221","693","$1.72","$1,195","73","73",""
"1","574076","S","1806 W Avenue H","Temple","Bellview","2","1/0","One","","1925","0.387","912","$0.99","$900","53","53",""
"1","573181","S","507 Olaf Drive Unit#A","Temple","Liberty Hill Ph II","3","2/0","One","Attached Garage","2004","0.220","1,243","$1.20","$1,495","25","25",""
"1","572420","S","1324 Zetsche Court","Temple","Pecan Crk South Ph 1","3","2/0","One","Attached Garage","2022","0.138","1,532","$1.16","$1,775","10","10",""
"1","572388","S","816 Ticonderoga Drive Unit#B","Temple","Northwest Hills 3rd Ext","2","1/1","Two","","1984","0.197","1,000","$0.92","$920","31","145",""
"1","570909","S","931 Antelope Trail","Temple","Atascosa Estates","4","2/0","One","","2023","0.179","1,901","$1.18","$2,250","43","43",""
"1","570752","S","927 Antelope Trail","Temple","Atascosa Estates","5","3/0","One","","2023","0.179","2,126","$0.94","$2,000","35","35",""
"1","570620","S","917 Westpoint Drive","Temple","Northwest Hills 2nd Ext","2","2/0","One","","1979","0.198","1,030","$1.17","$1,200","41","41",""
"1","570151","S","1818 S 35th Street","Temple","Dubose Add Ext Blk","4","2/0","One","","1953","0.222","1,734","$0.92","$1,595","10","90",""
"1","570068","S","908 Ticonderoga Drive Unit#B","Temple","Northwest Hills 3rd Ext","2","1/1","Two","","1984","0.204","1,000","$0.92","$920","18","81",""
"1","569149","S","2701 Scott Boulevard","Temple","Skyline","3","2/0","One","","1963","0.232","2,029","$0.79","$1,600","50","50",""
"1","568932","S","2320 Duntov Drive Unit#B","Temple","Pecan Crk South Ph II","3","2/0","One","Attached Garage","2021","0.165","2,670","$0.51","$1,350","93","93",""
"1","568836","S","605 Brazos Drive","Temple","Western Hills 7th Ext Rep","3","2/0","One","","1985","0.161","1,550","$1.10","$1,700","28","28",""
"1","568040","S","1 N 41st Unit#A","Temple","","2","1/0","One","Entry-Front Garage","1952","0.212","870","$1.32","$1,150","12","12",""
"1","568031","S","3505 Buffalo Trail Unit#ADU","Temple","Western Hills","0","1/0","One","","1962","0.757","750","$1.13","$850","30","91",""
"1","567987","S","3505 Buffalo Trail","Temple","Western Hills","4","3/1","One","Circular Drive","1962","0.757","2,655","$1.05","$2,800","31","92",""
"1","567617","S","1206 Jamestown Drive","Temple","Heritage Place Ph IV","3","2/0","One","","2017","0.152","1,318","$1.13","$1,495","21","21",""
"1","567039","S","1006 S 19th Street","Temple","Tal-Coe Place","2","1/0","One","","1955","0.126","966","$1.24","$1,200","37","37",""
"1","566979","S","2324 Duntov Drive Unit#B","Temple","","3","2/0","One","Attached Garage","2021","0.165","2,520","$0.53","$1,325","155","155",""
"1","566476","S","2125 Meridian Loop","Temple","South Pointe Ph III","3","2/0","One","Attached Garage, Entry-Front Garage","2024","0.134","1,620","$1.14","$1,850","7","69",""
"1","566261","S","1505 S 33rd Street","Temple","Fairview","2","1/0","One","","1950","0.135","870","$1.48","$1,290","78","78",""
"1","566180","S","2306 Duntov Drive Unit#A","Temple","Pecan Creek Est","3","2/0","One","","2021","0.190","1,300","$1.00","$1,300","85","184",""
"1","565524","S","2418 Paul Revere Street Unit#A","Temple","Northwest Hills 1st Ext","2","1/1","One","Attached Carport, Entry-Rear Carport","1977","0.207","2,109","$0.52","$1,100","20","20",""
"1","564871","S","2425 Alterman Drive Unit#A","Temple","Pecan Crk South Ph II","3","2/0","One","Attached Garage, Door-Single, Entry-Front Garage, Garage Door Opener(s)","2021","0.191","1,335","$1.12","$1,495","7","7",""
"1","564744","S","2113 S 9th Street","Temple","Hollywood Add","3","2/0","One","Detached Garage, Entry-Rear Garage","1955","0.160","1,154","$1.17","$1,350","10","10",""
"1","564300","S","2072 Dade Loop","Temple","South Pointe Ph II","3","2/0","One","Attached Garage","2020","0.140","1,266","$1.20","$1,525","45","45",""
"1","564281","S","2313 Alterman Drive Unit#B","Temple","Pecan Creek Est","3","2/0","None","","2022","0.190","1,300","$1.15","$1,500","130","130",""
"1","564083","S","3110 Trenton Drive Unit#A","Temple","Northwest Hills 2nd Ext","2","1/0","One","Attached Garage","1981","0.191","1,911","$0.48","$925","15","15",""
"1","563613","S","1921 S 51st","Temple","","3","2/0","One","","1957","0.180","1,131","$1.24","$1,400","55","55",""
"1","562314","S","2313 Alterman Drive Unit#A","Temple","Pecan Creek Est","3","2/0","None","","2022","0.190","2,600","$0.50","$1,299","170","170",""
"1","562180","S","508 Olaf Drive","Temple","Liberty Hill Ph II","3","2/0","One","Attached Carport","2004","0.142","1,325","$1.09","$1,450","28","28",""
"1","561587","S","2416 Duntov Drive Unit#A","Temple","Pecan Creek Est","3","2/0","One","Garage Door Opener(s)","2022","0.170","1,351","$1.11","$1,495","116","125",""
"1","561385","S","924 Campbelton Drive","Temple","Atascosa Estates","4","3/0","Two","","2023","0.165","2,239","$0.96","$2,150","42","42",""
"1","561142","S","1204 Monte Verde Drive","Temple","","3","2/0","One","","2020","0.165","1,271","$1.28","$1,625","112","112",""
"1","560995","S","1023 Westbury","Temple","Heritage Place Ph I","3","2/0","One","Attached Garage, Door-Single, Garage Door Opener(s)","2007","0.152","1,342","$1.15","$1,550","50","50",""
"1","560729","S","2416 Duntov Drive Unit#B","Temple","Pecan Creek Est","3","2/0","One","Garage Door Opener(s)","2022","0.170","1,351","$1.11","$1,495","9","9",""
"1","560622","S","1914 S 9th Street","Temple","Anderson Hendler Add","2","1/0","One","","1947","0.151","784","$1.47","$1,150","66","66",""
"1","560278","S","1412 S 39th Str","Temple","","3","2/0","One","","1940","0.024","1,062","$1.31","$1,390","4","4",""
"1","560229","S","1802 S 45th Street","Temple","Dubose Add Second Extensi","3","1/0","One","","1956","0.237","1,269","$1.10","$1,400","133","133",""
"1","560212","S","1208 S 6th Street","Temple","Bruner Brothers","3","2/0","One","","1943","0.207","2,962","$0.42","$1,250","131","131",""
"1","560164","S","2318 Zanoletti Drive Unit#B","Temple","Pecan Creek South Phase II","3","2/0","One","Attached Garage, Entry-Front Garage","2021","0.025","1,300","$1.04","$1,350","84","84",""
"1","559975","S","2043 Dade Loop","Temple","South Pointe Ph II","4","2/0","One","Attached Garage","2019","0.134","1,741","$1.01","$1,750","15","15",""
"1","559903","S","2306 Valley Forge Avenue Unit#B","Temple","Saulsbury Sub Ph VI","3","2/0","One","","2015","0.190","1,113","$1.12","$1,250","37","37",""
"1","559738","S","2520 Nolan Creek Street","Temple","The Meadows At Creekside Ph","4","2/0","One","","2015","0.179","1,932","$0.96","$1,850","80","80",""
"1","559734","S","915 S 13th Street","Temple","Jones & Moores Add","2","1/0","One","","1938","0.154","924","$1.03","$950","109","109",""
"1","559109","S","1006 S 4th Street","Temple","Bruner","3","2/0","One","","2002","0.143","1,215","$1.11","$1,350","21","21",""
"1","558477","S","2020 Dade Loop","Temple","South Pointe Ph II","3","2/0","One","Attached Garage, Entry-Front Garage","2019","0.134","1,448","$1.07","$1,550","106","106",""
"1","557869","S","1 N 41st Street Unit#A","Temple","COUNTRY CLUB HEIGHTS","2","1/0","One","Attached Garage","1952","0.210","880","$1.53","$1,350","21","52",""
"1","557522","S","1103 Madison","Temple","Heritage Place Ph I","3","2/0","One","","2004","0.152","1,329","$1.13","$1,500","2","2",""
"1","557262","S","1937 Euclid Drive","Temple","South Pointe Ph I","3","2/0","One","Attached Garage, Door-Single, Entry-Front Garage","2019","0.134","1,432","$1.13","$1,625","30","30",""
"1","556849","S","911 Yorktown","Temple","","2","1/0","One","","1978","0.090","950","$1.32","$1,250","1","1",""
"1","556361","S","901 S 45th Street","Temple","N S Draughons Resub","2","2/0","One","","1950","0.224","1,184","$1.01","$1,200","8","8",""
"1","556075","S","1228 Monte Verde Drive","Temple","Monte Verde Ph I","4","2/0","One","","2020","0.235","1,705","$1.00","$1,700","146","146",""
"1","554967","S","1503 S 11th Street Unit#B","Temple","South Park","3","1/0","One","","1950","0.165","1,050","$1.12","$1,175","101","101",""
"1","554513","S","1413 S Martin Luther King Jr Drive Unit#B","Temple","Zander Add","1","1/0","One","","2018","0.121","656","$1.45","$950","14","14",""
"1","553075","S","1814 S 33rd Street","Temple","Dubose Add Ext Blk","3","2/0","One","","1957","0.267","1,257","$1.11","$1,400","68","68",""
"1","552039","S","2405 Alterman Drive Unit#B","Temple","","3","2/0","One","Attached Garage, Entry-Front Garage","2021","0.165","1,260","$1.11","$1,399","43","43",""
"1","552001","S","2011 Dade Loop","Temple","South Pointe Ph II","4","2/0","One","Attached Garage","2020","0.134","1,688","$1.16","$1,950","73","73",""
"1","551549","S","2416 Alterman Drive Unit#A","Temple","Pecan Crk South Ph 2","3","2/0","One","","2021","0.165","1,335","$1.04","$1,395","18","18",""
"1","550958","S","904 Ticonderoga Drive Unit#A","Temple","Northwest Hills 3rd Ext","2","1/1","Two","","1984","0.190","1,000","$0.92","$920","115","115",""
"1","550629","S","918 S 39th Street Unit#A","Temple","Bellview","3","2/0","One","","2021","0.172","886","$1.19","$1,050","54","54",""
"1","550548","S","2417 Alterman Drive","Temple","Pecan Crk South Ph II","3","2/0","One","","2021","0.165","1,335","$1.04","$1,395","67","67",""
"1","550426","S","1801 S 47th Street","Temple","Dubose Add Second Extensi","3","1/0","One","Attached Garage","1957","0.203","1,068","$1.50","$1,600","75","75",""
"1","550148","S","2412 Alterman Drive Unit#B","Temple","Pecan Crk South Ph 2","3","2/0","One","","2021","0.165","1,335","$1.04","$1,395","18","18",""
"1","550135","S","2410 Patrick Henry Street Unit#A","Temple","Northwest Hills 1st Ext","2","1/1","Two","Attached Garage","1981","0.182","1,001","$1.24","$1,245","37","37",""
"1","550060","S","1615 S 15th Street","Temple","South Park","3","1/0","One","","1952","0.172","1,084","$1.15","$1,250","182","182",""
"1","549989","S","1918 S 11th Street","Temple","Anderson Hendler Add","2","1/0","One","","1952","0.155","1,100","$1.34","$1,475","9","50",""
"1","549863","S","2317 Zanoletti Court Unit#B","Temple","Pecan Crk South Ph II","3","2/0","One","Attached Garage","2021","0.163","2,520","$0.55","$1,375","32","32",""
"1","549499","S","2329 Zanoletti Court Unit#B","Temple","","3","2/1","Two","","2021","0.262","2,890","$0.52","$1,495","7","7",""
"1","548637","S","2415 Petersburg Lane","Temple","Heritage Place Ph VI","3","2/0","One","","2019","0.136","1,350","$1.33","$1,800","14","14",""
"1","548604","S","812 Ticonderoga Drive Unit#D","Temple","Northwest Hills 3rd Ext","2","1/1","Two","","1984","0.184","1,000","$0.09","$92","31","31",""
"1","548265","S","610 Rogers Street","Temple","Little Bluestem Add","3","2/0","One","","1997","0.211","1,116","$1.25","$1,400","75","75",""
"1","547898","S","2414 Patrick Henry Street Unit#B","Temple","Northwest Hills 1st Ext","2","1/1","Two","Attached Garage","1981","0.182","1,001","$1.24","$1,245","29","29",""
"1","547579","S","2410 Patrick Henry Street Unit#B","Temple","Northwest Hills 1st Ext","2","1/1","Two","Attached Garage","1981","0.182","1,001","$1.24","$1,245","24","24",""
"1","547232","S","2324 Alterman Drive Unit#A","Temple","Pecan Creek","3","2/0","One","Attached Garage","2021","0.165","2,670","$0.50","$1,325","41","41",""
"1","547224","S","2324 Alterman Drive Unit#B","Temple","Pecan Creek","3","2/0","One","Attached Garage","2021","0.165","2,670","$0.50","$1,325","37","37",""
"1","546609","S","2044 Dade Loop","Temple","South Pointe Ph II","3","2/0","One","Attached Garage, Entry-Front Garage","2021","0.134","1,266","$1.30","$1,650","14","14",""
"1","544331","S","913 S 13th Street","Temple","Jones & Moores Add","3","2/0","One","","1952","0.130","1,099","$1.16","$1,275","92","92",""
"1","544316","S","1309 S 3rd Street Unit#B","Temple","Robertson","1","1/0","One","","1943","0.141","1,924","$0.44","$850","263","263",""
"1","544147","S","2416 Alterman Drive Unit#B","Temple","Pecan Crk South Ph 2","3","2/0","One","","2021","0.165","1,335","$1.04","$1,395","67","67",""
"1","543806","S","3000 W Avenue S","Temple","Woodlawn Park","3","2/0","One","Attached Carport","1959","0.317","2,438","$0.80","$1,950","81","81",""
"1","542328","S","3911 Keller Road Unit#B","Temple","Atascosa Estates","3","2/0","One","Attached Garage, Door-Single, Entry-Front Garage, Garage Door Opener(s)","2024","0.195","1,369","$1.35","$1,850","31","31",""
"1","542288","S","2701 Scott Boulevard","Temple","Skyline","3","2/0","One","Attached Garage","1963","0.232","1,468","$1.09","$1,600","32","32",""
"1","541910","S","1713 S. 51st","Temple","","3","2/0","One","","1955","0.209","874","$1.58","$1,385","48","48",""
"1","541692","S","1324 Zetsche","Temple","Pecan Creek","3","2/0","One","Attached Garage","2023","0.138","1,501","$1.25","$1,875","11","11",""
"1","541436","S","1310 S 21st Street","Temple","Tal-Coe Place","2","1/0","One","None-Garage, None-Carport","1960","0.155","1,898","$0.53","$1,000","58","58",""
"1","541341","S","519 Olaf Dr Drive Unit#A","Temple","Liberty Hill Ph II","3","2/0","One","","2004","0.193","1,269","$1.14","$1,450","5","5",""
"1","541249","S","1917 S 51st Street","Temple","Porter Hood Resub","3","2/0","One","Attached Carport","1956","0.179","1,476","$1.22","$1,795","101","101",""
"1","540589","S","3806 Buffalo Trail","Temple","Western Hills 2nd Ext","4","2/0","One","Attached Garage, Entry-Rear Garage","1966","0.270","1,942","$1.08","$2,100","7","7",""
"1","539371","S","3031 Dade Loop","Temple","South Pointe Ph II","3","2/0","One","","2020","0.134","1,257","$1.39","$1,750","8","8",""
"1","539358","S","1407 S 6th","Temple","","2","1/0","One","","1908","0.150","926","$1.30","$1,200","20","20",""
"1","539157","S","2404 Duntov Drive Unit#A","Temple","","3","2/0","One","Attached Garage","2021","0.165","2,520","$0.55","$1,375","58","58",""
"1","538553","S","1219 S 10th Street","Temple","Lincoln","3","1/0","One","","1908","0.220","1,080","$0.97","$1,050","5","5",""
"1","538382","S","2316 Alterman Drive Unit#A","Temple","PECAN CREEK SOUTH PHASE II","3","2/0","One","Attached Garage","2021","0.165","1,310","$1.14","$1,495","27","27",""
"1","537859","S","2329 Alterman Drive Unit#B","Temple","Pecan Crk South Ph II","3","2/0","One","Attached Garage","2021","0.165","2,520","$0.51","$1,295","93","93",""
"1","537730","S","1310 S 19th Street","Temple","Tal-Coe Place","2","1/0","One","","1952","0.117","812","$1.48","$1,200","31","31",""
"1","537680","S","817 S 11th Street Unit#C","Temple","W A Barclay Add","1","1/0","One","","2000","0.141","1,966","$0.39","$759","131","165",""
"1","536989","S","2116 W Avenue D","Temple","Baker","2","1/0","One","","1913","0.331","776","$1.42","$1,100","49","49",""
"1","536228","S","812 Ticonderoga Drive Unit#B","Temple","Northwest Hills 3rd Ext","2","1/1","Two","None-Garage","1984","0.184","1,000","$0.91","$905","11","11",""
"1","536080","S","2328 Duntov Drive Unit#B","Temple","","3","2/0","One","Attached Garage","2021","0.165","2,520","$0.55","$1,375","49","49",""
"1","536000","S","2318 Zanoletti Drive Unit#A","Temple","Pecan Creek South Phase II","3","2/0","One","Attached Garage, Entry-Front Garage","2021","0.165","1,310","$1.03","$1,350","112","112",""
"1","535450","S","1505 S 33rd Street","Temple","Fairview","2","1/0","One","","1950","0.135","1,000","$1.35","$1,350","16","16",""
"1","535271","S","904 Ticonderoga Drive Unit#D","Temple","Northwest Hills 3rd Ext","2","1/1","Two","","1984","0.190","1,000","$0.91","$905","9","9",""
"1","534664","S","1206 Roanoke Drive","Temple","Heritage Place Ph IV","3","2/0","One","","2015","0.152","1,392","$1.22","$1,695","40","40",""
"1","534466","S","2313 Vicksburg","Temple","Heritage Place Ph V","3","2/0","One","","2018","0.136","1,330","$1.17","$1,550","32","32",""
"1","534244","S","917 Westpoint Drive","Temple","Northwest Hills 2nd Ext","2","2/0","One","","1979","0.198","1,030","$1.17","$1,200","31","31",""
"1","533244","S","817 S 11th Street Unit#B","Temple","W A Barclay Add","2","1/0","One","","2000","0.141","790","$1.26","$995","41","41",""
"1","533192","S","1101 S 21st Street","Temple","","3","1/0","One","","1940","0.190","972","$0.98","$950","6","6",""
"1","532347","S","520 Olaf Drive Unit#B","Temple","Liberty Hill Ph II","3","2/0","One","Attached Garage, Door-Single, Entry-Front Garage","2004","0.193","1,308","$0.94","$1,225","25","25",""
"1","532183","S","816 Ticonderoga Drive Unit#D","Temple","Northwest Hills 3rd Ext","2","1/1","Two","","1984","0.197","1,000","$0.92","$920","28","28",""
"1","532174","S","1902 S 19th Street","Temple","Anderson Hendler Add 1st","3","2/0","One","","1960","0.165","1,446","$0.93","$1,350","24","24",""
"1","532042","S","413 S 27th Street","Temple","Freeman Heights","3","2/0","One","Detached Garage","1934","0.161","1,024","$1.46","$1,500","53","53",""
"1","531918","S","2153 Meridian Loop","Temple","","3","2/0","One","","2023","0.134","1,514","$1.17","$1,775","7","7",""
"1","531402","S","2404 Duntov Drive Unit#B","Temple","Pecan Creek","3","2/0","One","Attached Garage","2021","0.165","2,520","$0.55","$1,395","68","68",""
"1","531320","S","820 S 15th Street Unit#B","Temple","","2","1/0","One","","1917","0.170","892","$1.07","$950","36","36",""
"1","531263","S","1006 S 4th Street","Temple","Bruner","3","2/0","One","","2002","0.143","1,215","$1.31","$1,595","16","16",""
"1","531239","S","1309 S 3rd Street Unit#B","Temple","Robertson","1","1/0","One","","1943","0.141","1,924","$0.54","$1,035","20","20",""
"1","531134","S","1525 Piedmont Street","Temple","","3","2/0","One","","2023","0.171","1,415","$1.20","$1,700","96","96",""
"1","530693","S","2320 Petersburg","Temple","","3","2/0","One","","2021","0.140","1,394","$1.15","$1,600","26","26",""
"1","530459","S","1707 S 43rd Street","Temple","Dubose Add Blks 1-7","2","1/0","One","","1952","0.177","1,065","$1.03","$1,100","10","10",""
"1","530196","S","1321 Zetsche Court","Temple","Pecan Crk South Ph 1","3","2/0","One","","2022","0.148","1,507","$1.06","$1,600","69","69",""
"1","530128","S","504 Brazos Drive","Temple","Western Hills 7th Ext Rep","3","2/0","One","","1985","0.173","1,550","$1.03","$1,595","15","15",""
"1","529950","S","1615 S 15th Street","Temple","South Park","3","1/0","One","","1952","0.172","1,084","$1.20","$1,300","23","23",""
"1","529809","S","3710 Jaguar Trail","Temple","Western Hills 4th Ext","4","3/0","One","","1974","0.313","2,122","$0.94","$2,000","42","42",""
"1","529096","S","917 S 19th Street","Temple","Jones & Moores Add","2","1/0","One","","1946","0.192","1,128","$0.84","$950","112","112",""
"1","528863","S","509 Phoenix Drive","Temple","West Gate Add Second Unit","3","1/1","One","","1975","0.194","1,500","$0.97","$1,450","3","3",""
"1","528576","S","816  #B Ticonderoga Drive","Temple","Northwest Hills 3rd Ext","2","1/1","Two","","1984","0.197","1,000","$0.91","$905","53","53",""
"1","526918","S","919 S 45th Street","Temple","","2","1/0","One","","1925","0.270","1,452","$0.83","$1,200","14","14",""
"1","526117","S","2405 Alterman Drive Unit#A","Temple","","3","2/0","One","Attached Garage, Door-Single, Entry-Front Garage","2021","0.165","2,520","$0.55","$1,395","9","9",""
"1","525704","S","1206 JAMESTOWN Drive","Temple","Heritage Place Ph IV","3","2/0","One","","2017","0.152","1,318","$1.25","$1,650","27","27",""
"1","525572","S","2324 Duntov Drive Unit#B","Temple","","3","2/0","One","Attached Garage","2021","0.165","2,520","$0.58","$1,450","32","32",""
"1","525045","S","1305 S 5th Street","Temple","Robertson","2","1/0","One","","1981","0.134","797","$1.00","$800","158","158",""
"1","524991","S","1006 S 19th Street","Temple","Tal-Coe Place","2","1/0","One","","1955","0.126","966","$1.24","$1,200","1","1",""
"1","524244","S","1922 S 7th Street","Temple","Anderson Hendler Add","3","1/0","One","Attached Garage, Entry-Front Garage","1952","0.161","1,213","$0.90","$1,095","30","30",""
"1","524185","S","2418 Paul Revere Street Unit#A","Temple","Northwest Hills 1st Ext","2","1/1","One","Attached Carport, Entry-Rear Carport","1977","0.207","1,054","$1.04","$1,100","71","71",""
"1","523797","S","1107 S 33rd Street Unit#B","Temple","Temple Heights","2","2/0","One","","2023","0.324","1,009","$1.14","$1,150","178","178",""
"1","523790","S","1107 S 33rd Street Unit#A","Temple","Temple Heights","2","2/0","One","","2023","0.324","1,009","$1.14","$1,150","78","78",""
"1","523535","S","1105 S 33rd Street Unit#B","Temple","Temple Heights","2","2/0","One","","2023","0.324","1,009","$1.11","$1,125","134","134",""
"1","523533","S","1105 S 33rd Street Unit#A","Temple","Temple Heights","2","2/0","One","","2023","0.324","1,009","$0.99","$1,000","65","65",""
"1","523500","S","915 S. 13th","Temple","","2","1/0","One","","1938","0.154","924","$1.08","$1,000","21","21",""
"1","523408","S","1311 S 3rd Street","Temple","Robertson","3","1/1","One","","1947","0.095","1,208","$1.16","$1,400","129","129",""
"1","523195","S","310 North Pea Ridge","Temple","","2","1/0","One","","0","0.190","1,188","$1.26","$1,500","39","39",""
"1","522404","S","1306 S 53rd Street","Temple","Temple Heights","3","2/0","One","Attached Garage","1950","0.276","1,570","$0.92","$1,450","4","124",""
"1","522322","S","1206 S 37th Street","Temple","Temple Heights","3","1/0","One","","1940","0.161","1,448","$0.69","$995","12","12",""
"1","522256","S","812 Ticonderoga Drive Unit#D","Temple","Northwest Hills 3rd Ext","2","1/1","Two","","1984","0.184","1,000","$0.91","$905","43","43",""
"1","521941","S","1714 S 7th Street","Temple","South Park","2","1/0","One","Attached Garage","1950","0.221","1,099","$1.16","$1,275","19","19",""
"1","520692","S","1611 S 39th Street","Temple","Dubose Add Blks 1-7","3","1/0","One","","1954","0.264","1,360","$0.81","$1,100","52","52",""
"1","519669","S","2405 Paul Revere Unit#A","Temple","","2","2/0","One","","1985","0.190","940","$1.17","$1,100","27","27",""
"1","519176","S","2044 Dade Loop","Temple","South Pointe Ph II","3","2/0","One","Attached Garage","2020","0.134","1,257","$1.27","$1,600","46","46",""
"1","519111","S","3043 Dade Loop","Temple","South Pointe Ph II","3","2/0","One","Attached Garage, Entry-Front Garage","2021","0.134","1,419","$1.15","$1,625","53","53",""
"1","519084","S","3050 Dade Loop","Temple","South Pointe Ph II","3","2/0","One","Attached Garage","2020","0.131","1,512","$1.05","$1,595","47","47",""
"1","519080","S","3014 Dade Loop","Temple","South Pointe Ph II","4","2/0","One","Attached Garage","2022","0.130","1,623","$1.05","$1,700","70","70",""
"1","519068","S","3066 Dade Loop","Temple","South Pointe Ph II","3","2/0","One","Attached Garage","2020","0.146","1,497","$1.08","$1,620","41","41",""
"1","518871","S","1413 S Martin Luther King Jr Drive","Temple","Zander Add","1","1/0","One","","2018","0.121","1,312","$0.69","$900","16","16",""
"1","518457","S","2405 Bunker Hill Drive","Temple","Northwest Hills 1st Ext","3","2/0","One","","1979","0.190","1,503","$1.13","$1,695","54","54",""
"1","517986","S","1306 S 2nd","Temple","","2","1/0","One","","1940","0.189","1,340","$0.75","$1,000","9","9",""
"1","517924","S","2717 W. Ave Z","Temple","","3","2/0","One","","1967","0.250","1,591","$0.97","$1,550","127","127",""
"1","517613","S","1314 S 33rd Street","Temple","Temple Heights","3","1/0","One","","1940","0.161","1,080","$1.00","$1,075","8","8",""
"1","517266","S","1519 S 43rd Street","Temple","Sunset","3","2/0","One","","1952","0.203","1,064","$1.50","$1,600","19","19",""
"1","516797","S","917 Filly Lane","Temple","Western Hills 8th Ext","3","2/0","One","","1986","0.173","1,219","$1.18","$1,440","83","83",""
"1","516237","S","510 Cheyenne Drive Unit#A","Temple","West Gate Add 1st Unit Re","2","2/0","One","Attached Carport, Entry-Rear Carport","1974","0.194","1,208","$0.97","$1,175","12","12",""
"1","516091","S","1818 S 35th Street","Temple","Dubose Add Ext Blk","4","2/0","One","Detached Garage","1953","0.222","1,734","$0.98","$1,695","81","81",""
"1","515093","S","1906 S 51st Street","Temple","Porter Hood Resub","2","1/0","One","Attached Garage, Entry-Front Garage","1955","0.151","888","$1.35","$1,200","22","22",""
"1","514963","S","1772 Lummus Drive","Temple","South Pointe Ph I","3","2/0","One","","2019","0.124","1,679","$0.89","$1,500","117","117",""
"1","514808","S","3031 Dade Loop","Temple","South Pointe Ph II","3","2/0","One","","2021","0.134","1,266","$1.30","$1,650","42","42",""
"1","514588","S","2317 Zanoletti Court Unit#A","Temple","Pecan Creek","3","2/0","One","Attached Garage","2021","0.163","2,520","$0.58","$1,450","50","50",""
"1","514532","S","1408 S 37th Street","Temple","Sunset","2","1/0","One","","1953","0.193","716","$1.47","$1,050","31","31",""
"1","514363","S","3022 Dade Loop","Temple","South Pointe Ph II","3","2/0","One","Attached Garage","2019","0.130","1,577","$1.07","$1,695","41","41",""
"1","512918","S","1506 S 11th Street","Temple","South Park","3","1/1","One","","1947","0.172","1,056","$1.56","$1,650","39","39",""
"1","511819","S","1119 Madison","Temple","Heritage Place Ph I","4","2/1","Two","","2005","0.152","1,988","$0.91","$1,800","36","36",""
"1","511783","S","1408 S 37th Street","Temple","Sunset","2","1/0","One","","1953","0.193","716","$1.54","$1,100","9","9",""
"1","511774","S","1402 S 2nd Street","Temple","Temple Original","3","2/0","One","","1940","0.152","1,428","$1.19","$1,695","83","83",""
"1","511752","S","1103 Madison","Temple","Heritage Place Ph I","3","2/0","One","","2004","0.152","1,329","$1.17","$1,550","60","60",""
"1","511416","S","1020 S 25th Street","Temple","Tal-Coe Place","2","1/0","One","Detached Carport","1921","0.241","1,167","$1.20","$1,395","17","17",""
"1","511303","S","911 Yorktown Drive","Temple","Northwest Hills 1st Ext","2","1/0","One","","1978","0.181","1,914","$0.65","$1,250","87","87",""
"1","511061","S","2329 Alterman Drive Unit#A","Temple","Pecan Crk South Ph II","3","2/0","One","Attached Garage, Entry-Front Garage","2021","0.165","1,310","$1.13","$1,475","42","42",""
"1","511049","S","1505 S 45th Street","Temple","Florine Terrace","2","1/0","One","","1952","0.193","856","$1.52","$1,300","11","11",""
"1","511004","S","2412 Duntov Drive Unit#B","Temple","Pecan Creek Est","3","2/0","One","Garage Door Opener(s)","2022","0.170","2,702","$0.56","$1,500","71","71",""
"1","510710","S","2405 Alterman Drive Unit#B","Temple","","3","2/0","One","Attached Garage","2021","0.165","1,260","$1.19","$1,499","17","17",""
"1","510224","S","1117 S 43rd Street","Temple","Temple Heights","3","1/0","One","Detached Garage","1927","0.251","1,204","$1.51","$1,824","19","19",""
"1","508995","S","901 S 45th Street","Temple","N S Draughons Resub","2","2/0","One","","1950","0.224","1,106","$0.99","$1,100","13","13",""
"1","508748","S","403 Olaf Drive Unit#A","Temple","Sonder Add","3","2/0","One","","2019","0.193","2,642","$0.57","$1,500","24","24",""
"1","508251","S","2417 Alterman Drive Unit#B","Temple","Pecan Crk South Ph II","3","2/0","One","","2021","0.165","1,335","$1.10","$1,475","53","53",""
"1","508004","S","918 S 39th Street Unit#B","Temple","Bellview","3","2/0","One","","2021","0.172","1,774","$0.69","$1,220","21","21",""
"1","507546","S","406 S 7th St","Temple","","3","2/0","One","","2023","0.160","872","$1.38","$1,200","30","30",""
"1","506593","S","2410 Patrick Henry Street Unit#B","Temple","Northwest Hills 1st Ext","2","1/1","Two","","1981","0.182","2,003","$0.75","$1,500","49","49",""
"1","506587","S","3014 Trenton Drive Unit#B","Temple","Northwest Hills 2nd Ext","2","1/1","Two","","1981","0.193","2,003","$0.75","$1,495","10","10",""
"1","506090","S","1813 S 49th Street","Temple","Porter Hood Resub","3","2/0","One","","1956","0.193","1,212","$1.24","$1,499","18","18",""
"1","504360","S","1304 Martin Luther King Lane Unit#B","Temple","","1","1/0","One","","0","0.500","525","$1.51","$795","57","57",""
"1","504236","S","1304 Martin Luther King Lane Unit#A","Temple","","1","1/0","One","","0","0.500","525","$1.28","$670","99","99",""
"1","502139","S","2320 Alterman Drive Unit#B","Temple","PECAN CREEK SOUTH PHASE II","3","2/0","One","","2021","0.167","2,670","$0.54","$1,450","65","65",""
"1","501618","S","2418 Paul Revere Street Unit#A","Temple","Northwest Hills 1st Ext","2","1/1","One","Attached Carport, Entry-Rear Carport","1977","0.207","1,054","$1.04","$1,100","6","6",""
"1","501408","S","3062 Dade Loop","Temple","South Pointe Ph II","3","2/0","One","Attached Garage","2022","0.146","1,818","$1.02","$1,860","65","65",""
"1","500818","S","1410 2nd Street","Temple","","3","2/0","One","","1937","0.270","1,166","$0.69","$800","5","5",""
"1","500457","S","1414 Lund Drive","Temple","Pecan Creek","3","2/0","One","","2023","0.149","1,263","$1.43","$1,800","95","95",""
"1","500114","S","1324 Zetsche","Temple","","3","2/0","One","","2023","0.138","1,501","$1.25","$1,875","38","38",""
"1","499081","S","2316 Alterman Drive Unit#A","Temple","PECAN CREEK SOUTH PHASE II","3","2/0","One","Attached Garage","2021","0.165","2,670","$0.54","$1,450","54","54",""
"1","498819","S","2325 Bellmont","Temple","Heritage Place Village Ph I","3","2/0","One","","2017","0.116","1,224","$1.30","$1,595","56","56",""
"1","498705","S","2325 Zanoletti Drive","Temple","","3","2/0","Two","Attached Garage","2021","0.230","2,890","$0.52","$1,495","15","15",""
"1","498427","S","1311 S 3rd Street","Temple","Robertson","3","1/1","One","","1947","0.095","1,208","$1.08","$1,300","9","9",""
"1","498058","S","2211 Bellmont","Temple","Heritage Place Village Ph I","3","2/0","One","Attached Garage, Door-Single, Entry-Front Garage","2009","0.118","1,240","$1.17","$1,450","108","108",""
"1","498032","S","2313 Alterman Drive Unit#B","Temple","Pecan Creek Est","3","2/0","One","","2022","0.190","1,310","$1.14","$1,495","77","77",""
"1","497246","S","1715 S 57th Street","Temple","Porter Hood Resub Repl","3","2/0","One, Split/Multi Level","Attached Garage","1958","0.344","1,396","$1.04","$1,450","18","18",""
"1","497205","S","3212 Trenton Drive Unit#B","Temple","Northwest Hills 2nd Ext","2","1/1","Two","","1981","0.183","2,003","$0.75","$1,495","143","143",""
"1","497203","S","2043 Dade Loop","Temple","South Pointe Ph II","4","2/0","One","Attached Garage","2021","0.134","1,514","$1.21","$1,825","28","28",""
"1","497107","S","817 Betsy Ross Drive Unit#B","Temple","Northwest Hills 1st Ext","2","1/1","One","","1980","0.176","1,001","$1.50","$1,500","230","230",""
"1","496861","S","1930 Euclid Drive","Temple","South Pointe Ph I","3","2/0","One","Attached Garage, Door-Single","2019","0.134","1,359","$1.17","$1,595","37","37",""
"1","496847","S","1503 S 15th Street","Temple","South Park","2","1/0","One","","1947","0.172","814","$2.03","$1,650","7","7",""
"1","495986","S","1219 S 10th Street","Temple","","3","1/0","One","","1908","0.220","1,080","$0.83","$900","3","3",""
"1","495958","S","1102 W Central Avenue","Temple","","3","1/0","One","","1965","0.160","1,026","$0.85","$875","3","3",""
"1","495634","S","2408 Alterman Drive Unit#B","Temple","Pecan Crk South Ph II","3","2/0","One","","2021","0.165","1,351","$1.11","$1,500","43","43",""
"1","495625","S","2408 Alterman Drive Unit#A","Temple","Pecan Crk South Ph II","3","2/0","One","","2021","0.165","1,351","$1.11","$1,500","43","43",""
"1","495609","S","2409 Alterman Drive Unit#B","Temple","Pecan Crk South Ph II","3","2/0","One","","2021","0.165","1,351","$1.11","$1,500","57","57",""
"1","495594","S","817 S 11th Street Unit#B","Temple","W A Barclay Add","2","1/0","One","","2000","0.141","790","$1.26","$995","14","14",""
"1","495593","S","1222 Abbey Ridge","Temple","Heritage Place Ph II","4","2/0","One","","2015","0.312","1,418","$1.08","$1,525","2","2",""
"1","495276","S","2404 Duntov Drive Unit#B","Temple","","3","2/0","One","Attached Garage, Entry-Front Garage","2021","0.165","2,520","$0.58","$1,450","47","47",""
"1","495250","S","917 Westpoint Drive","Temple","Northwest Hills 2nd Ext","2","2/0","One","","1979","0.198","1,030","$1.12","$1,150","18","74",""
"1","495174","S","2328 Alterman Drive Unit#B","Temple","Pecan Creek Est","3","2/0","One","","2021","0.165","1,330","$1.20","$1,595","35","35",""
"1","495078","S","1517 S 43rd Street","Temple","","2","1/0","One","","1952","0.190","1,241","$0.97","$1,200","4","4",""
"1","494685","S","2317 Zanoletti Court Unit#A","Temple","","3","2/0","One","Attached Garage","2021","0.163","2,520","$0.58","$1,450","49","49","https://youtu.be/_UnujX_fs10"
"1","494478","S","2011 Dade Loop","Temple","South Pointe Ph II","4","2/0","One","","2021","0.134","1,658","$1.24","$2,050","23","23",""
"1","494451","S","2520 Nolan Creek Street","Temple","","4","2/0","One","","2016","0.179","1,932","$0.98","$1,900","115","115",""
"1","493885","S","2320 Duntov Drive Unit#B","Temple","Pecan Crk South Ph II","3","2/0","One","Attached Garage, Entry-Front Garage","2021","0.000","2,670","$0.56","$1,500","51","51","https://youtu.be/N84uJccNh9g"
"1","492706","S","1410 Lund Drive","Temple","Pecan Creek","4","2/0","One","","2022","0.149","1,612","$1.30","$2,095","193","193",""
"1","492491","S","3311 Whispering Oaks","Temple","Woodbridge Creek Ph II","3","2/0","One","Attached Garage, Entry-Front Garage, Garage Door Opener(s)","1997","0.262","2,643","$0.75","$1,995","8","8",""
"1","492177","S","1309 S 3rd Street Unit#D","Temple","Robertson","0","1/0","Other-See Remarks","","1943","0.141","1,924","$0.39","$750","61","61",""
"1","492008","S","1309 S 3rd Street Unit#B","Temple","Robertson","1","1/0","One","","1943","0.141","1,924","$0.55","$1,050","53","53",""
"1","491943","S","1615 S 15th Street","Temple","","3","1/0","One","","1952","0.170","1,084","$1.15","$1,250","8","8",""
"1","491747","S","2410 Patrick Henry Street","Temple","Northwest Hills 1st Ext","2","1/1","Two","","1981","0.182","2,003","$0.75","$1,495","25","25",""
"1","491530","S","1222 Eaton Drive","Temple","Pecan Creek","3","2/0","One","","2022","0.138","1,501","$1.33","$1,995","209","209",""
"1","491528","S","1403 Lund Drive","Temple","Pecan Creek","3","2/0","One","","2022","0.149","1,415","$1.30","$1,845","113","113",""
"1","491527","S","1311 Eaton Drive","Temple","Pecan Creek","3","2/0","One","","2022","0.149","1,263","$1.38","$1,745","113","113",""
"1","491013","S","917 S 19th Street","Temple","Jones & Moores Add","2","1/0","One","","1946","0.192","1,128","$0.86","$975","84","84",""
"1","490877","S","2414 Patrick Henry Street","Temple","Northwest Hills 1st Ext","2","1/0","Two","","1981","0.180","2,003","$0.75","$1,500","8","8",""
"1","490818","S","2604 Saulsbury Drive","Temple","Saulsbury Sub Ph II","3","2/0","One","","2007","0.144","1,258","$1.19","$1,500","7","7",""
"1","490523","S","1309 S 3rd St Street Unit#A","Temple","Robertson","1","1/0","One","","1943","0.141","1,924","$0.60","$1,150","59","59",""
"1","490420","S","2028 Dade Loop","Temple","South Pointe Ph 2","3","2/0","One","","2022","0.134","1,514","$1.19","$1,800","51","51",""
"1","490115","S","919 WESTPOINT DRIVE","Temple","","2","2/0","One","","2012","0.198","900","$0.94","$850","11","11",""
"1","490070","S","3806 Buffalo Trail","Temple","Western Hills 2nd Ext","4","2/0","One","","1966","0.223","2,042","$1.13","$2,300","36","36",""
"1","489615","S","1310 Lund Drive","Temple","Pecan Creek","4","2/0","One","","2022","0.149","1,612","$1.30","$2,095","38","38",""
"1","489614","S","1216 Lund Drive","Temple","Pecan Creek","3","2/0","One","","2022","0.138","1,501","$1.40","$2,100","0","0",""
"1","489607","S","1914 S 9th Street","Temple","Anderson Hendler Add","2","1/0","One","","1947","0.151","784","$1.40","$1,100","9","9",""
"1","489147","S","402 Phoenix Drive Unit#1","Temple","West Gate Add Second Unit","3","2/0","One","","1978","0.314","1,230","$0.98","$1,200","7","7",""
"1","488963","S","2317 Alterman Drive Unit#B","Temple","Pecan Creek Est","3","2/0","One","","2021","0.190","1,300","$1.15","$1,499","21","21",""
"1","488692","S","1818 S 39th Street","Temple","Dubose Add Ext Blk","2","1/0","One","","1955","0.222","1,038","$1.40","$1,450","14","14",""
"1","488111","S","1814 S 19th Street","Temple","Anderson Hendler Add 1st","4","2/0","One","None-Garage","1959","0.165","1,517","$1.29","$1,950","43","97",""
"1","487341","S","806 S 3rd Street Unit#C","Temple","W S Chapman Add","1","1/0","One","","1928","0.340","700","$1.18","$825","7","7",""
"1","487269","S","2212 Bellmont","Temple","Heritage Place Village Ph I","3","2/0","One","Attached Garage, Door-Single","2009","0.153","1,182","$1.35","$1,595","15","15",""
"1","487242","S","805 S 9th Street","Temple","W A Barclay Add","2","2/0","One","","1928","0.069","1,088","$0.91","$995","7","7",""
"1","487097","S","3409 Pin Oak","Temple","","3","2/0","One","","1960","100,100.000","1,484","$0.98","$1,450","21","21",""
"1","486297","S","1309 S 3rd Street","Temple","Robertson","2","1/0","One","","1943","0.141","962","$1.20","$1,150","46","46",""
"1","485158","S","2318 Zanoletti Drive Unit#B","Temple","Pecan Creek South Phase II","3","2/0","One","Attached Garage, Entry-Front Garage","2021","0.025","2,520","$0.63","$1,600","61","61",""
"1","484771","S","2408 Duntov Drive Unit#A","Temple","Pecan Creek Est","3","2/0","One","Garage Door Opener(s)","2022","0.170","2,702","$0.55","$1,495","10","10",""
"1","484339","S","2702 W Avenue R","Temple","Porter Hood Resub Repl","3","1/0","One","Attached Garage","1956","0.172","950","$1.29","$1,225","12","12",""
"1","483929","S","3110 Trenton Drive Unit#A","Temple","Northwest Hills 2nd Ext","2","1/0","One","Attached Garage, Door-Single, Entry-Front Garage","1981","0.191","1,911","$0.46","$885","15","15",""
"1","482985","S","1401 S 43rd Street","Temple","Sunset","3","1/0","One","","1952","0.193","1,978","$0.62","$1,225","29","29",""
"1","482629","S","913 S 13th Street","Temple","Jones & Moores Add","3","2/0","One","","1952","0.130","1,099","$1.27","$1,400","50","50",""
"1","482369","S","410 Cheyenne Drive","Temple","West Gate Add 1st Unit Re","2","1/1","One","Attached Carport, Entry-Rear Carport","1973","0.215","2,052","$0.54","$1,100","21","21",""
"1","482063","S","1410 S 2 nd  Street","Temple","","3","2/0","One","","1937","0.270","1,166","$0.64","$750","9","9",""
"1","481681","S","917 Filly Lane","Temple","Western Hills 8th Ext","3","2/0","One","","1986","0.173","1,219","$1.31","$1,595","48","48",""
"1","481401","S","1413 S Martin Luther King Jr Drive Unit#A","Temple","Zander Add","1","1/0","One","","2018","0.111","656","$1.30","$850","8","8",""
"1","481051","S","1219 Lund Drive","Temple","Pecan Creek","4","2/0","One","","2022","0.149","1,612","$1.42","$2,295","83","83",""
"1","481050","S","1315 Lund Drive","Temple","Pecan Creek","3","2/0","One","","2022","0.138","1,501","$1.40","$2,100","84","84",""
"1","481048","S","1302 Lund Drive","Temple","Pecan Creek","3","2/0","One","","2022","0.149","1,415","$1.34","$1,895","89","89",""
"1","480413","S","2310 Zanoletti Court Unit#B","Temple","Pecan Creek","3","2/0","One","Attached Garage","2021","0.190","1,310","$1.18","$1,550","46","46",""
"1","480324","S","1311 Lund Drive","Temple","Pecan Creek","3","2/0","One","","2022","0.149","1,263","$1.42","$1,799","95","95",""
"1","480318","S","1413 S Martin Luther King Jr Drive Unit#B","Temple","Zander Add","1","1/0","One","","2018","0.111","656","$1.30","$850","7","7",""
"1","480150","S","1902 Lummus Drive","Temple","South Pointe Ph I","3","2/0","One","","2020","0.134","1,266","$1.40","$1,775","34","34",""
"1","479835","S","1902 S 9th Street","Temple","Anderson Hendler Add","2","1/0","One","None-Garage, None-Carport","1947","0.151","1,117","$1.16","$1,300","30","30",""
"1","478878","S","2020 Dade Loop","Temple","South Pointe Ph II","3","2/0","One","Attached Garage, Entry-Front Garage","2021","0.134","1,517","$1.15","$1,750","36","36",""
"1","476924","S","2504 Saulsbury Drive","Temple","Saulsbury Sub Ph II","3","3/0","One","","2007","0.186","1,256","$1.35","$1,700","7","7",""
"1","476409","S","1402 S 2nd Street","Temple","Temple Original","3","2/0","One","","1940","0.152","1,428","$1.19","$1,695","16","16",""
"1","476376","S","1401 S 47th Street","Temple","Florine Terrace","3","1/0","One","","1957","0.218","1,204","$1.25","$1,500","5","5",""
"1","476015","S","817 S 11th Street Unit#B","Temple","W A Barclay Add","2","1/0","One","","2000","0.161","790","$1.26","$995","7","7",""
"1","475296","S","917 S 19th Street","Temple","Jones & Moores Add","2","1/0","One","","1946","0.192","1,128","$0.89","$1,000","27","27",""
"1","474693","S","510 Cheyenne Drive Unit#A","Temple","West Gate Add 1st Unit Re","2","2/0","One","","1974","0.225","2,416","$0.48","$1,150","13","13",""
"1","473601","S","2417 Alterman Drive Unit#B","Temple","Pecan Crk South Ph II","3","2/0","One","","2022","31.783","1,300","$1.15","$1,495","9","9",""
"1","473599","S","817 S 11th Street Unit#C","Temple","W A Barclay Add","1","1/0","One","","2000","0.161","600","$1.38","$825","9","9",""
"1","472872","S","2518 Shinoda Drive","Temple","Pecan Creek","3","2/0","One","","2021","0.354","1,415","$1.37","$1,935","16","16",""
"1","472867","S","2723 Shinoda Drive","Temple","Pecan Creek","3","2/0","One","","2022","0.354","1,263","$1.42","$1,795","3","3",""
"1","472864","S","1119 McLellan Drive","Temple","Pecan Creek","4","2/0","One","","2022","0.149","1,612","$1.23","$1,985","0","0",""
"1","472844","S","2502 Ave  Z","Temple","","3","2/0","One","","1964","0.200","1,363","$1.10","$1,500","17","17",""
"1","472414","S","904 S 27th Street","Temple","Freeman Heights","2","1/0","Two","","1928","0.131","1,008","$0.64","$650","30","30",""
"1","471227","S","3031 Dade Loop","Temple","South Pointe Ph II","3","2/0","One","","2021","0.134","1,266","$1.42","$1,800","65","65",""
"1","469353","S","806 S 3rd Street","Temple","W S Chapman Add","1","1/0","Two","","1928","0.340","360","$1.93","$695","10","10",""
"1","469199","S","1311 S 3rd Street","Temple","Robertson","3","1/0","One","","1947","0.095","1,208","$1.20","$1,450","50","50",""
"1","469054","S","2412 Alterman Drive","Temple","Pecan Crk South Ph II","3","2/0","One","","2022","0.165","1,300","$1.15","$1,495","53","53",""
"1","468960","S","2417 Bunker Hill Drive Unit#911 Yorktown","Temple","Northwest Hills 1st Ext","2","1/0","One","","1978","0.181","1,914","$0.70","$1,335","30","30",""
"1","467682","S","2028 Dade Loop","Temple","South Pointe Ph 2","3","2/0","One","","2022","0.134","1,514","$1.16","$1,750","18","18",""
"1","467575","S","2631 Shinoda Drive","Temple","Pecan Creek","3","2/0","One","","2021","0.354","1,263","$1.38","$1,745","46","46",""
"1","467448","S","2710 Castriota Court","Temple","Pecan Creek","4","2/0","One","","2022","0.354","1,796","$1.19","$2,145","23","23",""
"1","466257","S","902 23rd st","Temple","","3","1/0","One","","1927","17.000","1,040","$0.94","$975","3","3",""
"1","466214","S","902 1/2 S 27th Street","Temple","Freeman Heights","1","1/0","Two","","1928","0.131","620","$0.89","$550","3","3",""
"1","466211","S","902 S 27th Street","Temple","Freeman Heights","3","2/0","One","","1930","0.131","1,736","$0.72","$1,250","12","12",""
"1","466042","S","1009 S 51st Street","Temple","Campbells Sub Of Blk J","3","1/0","One","","1940","0.172","798","$1.61","$1,285","21","21",""
"1","465935","S","3066 Dade Loop","Temple","South Pointe Ph II","3","2/0","One","Attached Garage, Garage Door Opener(s)","2022","0.146","1,475","$1.15","$1,695","30","30","https://youtu.be/vfabZKZ4ZmM"
"1","464304","S","2619 Castriota Court","Temple","Pecan Creek","4","2/0","One","","2021","0.149","1,612","$1.24","$1,995","69","69",""
"1","464170","S","3043 Dade Loop","Temple","South Pointe Ph II","3","2/0","One","Attached Garage, Entry-Front Garage","2022","0.134","1,419","$1.19","$1,695","25","25",""
"1","463955","S","2627 Castriota Court","Temple","Pecan Creek","3","2/0","One","","2021","0.138","1,501","$1.31","$1,960","106","106",""
"1","463678","S","915 Eaton Drive","Temple","Pecan Creek","3","2/0","One","","2021","0.354","1,501","$1.16","$1,745","4","4",""
"1","463457","S","2418 Petersburg Lane","Temple","Heritage Place Ph VI","3","2/0","One","Attached Garage, Door-Single, Entry-Front Garage","2020","0.140","1,573","$1.06","$1,675","50","50",""
"1","463364","S","1222 Jamestown Drive","Temple","Heritage Place Ph IV","3","2/0","One","Attached Garage, Door-Single, Entry-Front Garage, Garage Door Opener(s)","2017","0.183","1,318","$1.23","$1,625","15","15",""
"1","463285","S","2003 W Ave H","Temple","","3","2/0","One","","1962","0.151","1,576","$1.19","$1,875","31","31",""
"1","463238","S","2116 W Avenue D","Temple","Baker","2","1/0","One","Detached Garage","1913","0.331","776","$1.22","$950","45","45",""
"1","463107","S","2703 Reithofer Court","Temple","Pecan Creek","3","2/0","One","","2021","0.354","1,415","$1.30","$1,845","46","46",""
"1","463103","S","2618 Castriota Court","Temple","Pecan Creek","3","2/0","One","","2021","0.354","1,263","$1.38","$1,745","50","50",""
"1","462939","S","3110 Trenton Drive Unit#A","Temple","Northwest Hills 2nd Ext","2","1/0","One","","1981","0.191","1,911","$0.44","$850","1","1",""
"1","462040","S","2317 Paul Revere Street","Temple","Northwest Hills 1st Ext","3","2/0","One","Attached Garage, Door-Single, Entry-Front Garage","2008","0.185","2,400","$0.48","$1,150","7","7",""
"1","461638","S","1922 Bayou Wood Lane","Temple","NORTH GATE PHASE III","4","2/0","One","Attached Garage","2022","0.161","1,825","$1.10","$2,000","37","37","https://youtu.be/9DeiybPaGro"
"1","461597","S","2318 Zanoletti Court Unit#A","Temple","Pecan Crk South Ph II","3","2/0","One","Attached Garage, Entry-Front Garage, Garage Door Opener(s)","2021","0.060","1,300","$1.15","$1,495","60","60",""
"1","458954","S","2324 Alterman Drive Unit#A","Temple","","3","2/0","One","Attached Garage, Garage Door Opener(s)","2021","0.190","1,310","$1.11","$1,450","97","97",""
"1","458951","S","2328 Duntov Drive Unit#A","Temple","","3","2/0","One","Attached Garage, Garage Door Opener(s)","2021","0.190","1,310","$1.11","$1,450","93","93",""
"1","458292","S","2610 Castriota Court","Temple","Pecan Creek","3","2/0","One","","2021","0.149","1,415","$1.30","$1,845","116","116",""
"1","456877","S","931 Eaton Drive","Temple","Pecan Creek","3","2/0","One","","2021","0.354","1,501","$1.16","$1,745","94","94",""
"1","456875","S","923 Eaton Drive","Temple","Pecan Creek","4","2/0","One","","2021","0.354","1,796","$1.19","$2,145","130","130",""
"1","456103","S","927 Eaton Drive","Temple","Pecan Creek","4","2/0","One","","2021","0.149","1,665","$1.22","$2,025","197","197",""
"1","451025","S","935 Eaton Drive","Temple","Pecan Creek","4","2/0","One","","2021","0.149","1,612","$1.24","$1,995","170","170",""
